-- phpMyAdmin SQL Dump
-- version 4.4.12
-- http://www.phpmyadmin.net
--
-- Client :  localhost
-- Généré le :  Sam 01 Octobre 2016 à 11:01
-- Version du serveur :  5.5.50-0+deb8u1
-- Version de PHP :  5.6.24-0+deb8u1

SET SQL_MODE = "NO_AUTO_VALUE_ON_ZERO";
SET time_zone = "+00:00";


/*!40101 SET @OLD_CHARACTER_SET_CLIENT=@@CHARACTER_SET_CLIENT */;
/*!40101 SET @OLD_CHARACTER_SET_RESULTS=@@CHARACTER_SET_RESULTS */;
/*!40101 SET @OLD_COLLATION_CONNECTION=@@COLLATION_CONNECTION */;
/*!40101 SET NAMES utf8mb4 */;

-- --------------------------------------------------------

--
-- Structure de la table `stpavu_abonnes`
--

CREATE TABLE IF NOT EXISTS `stpavu_abonnes` (
  `abo_id` int(3) NOT NULL,
  `abo_nom` varchar(13) CHARACTER SET utf8 DEFAULT NULL,
  `abo_prenom` varchar(13) CHARACTER SET utf8 DEFAULT NULL,
  `abo_sexe` varchar(1) CHARACTER SET utf8 DEFAULT NULL,
  `abo_tel` varchar(14) CHARACTER SET utf8 DEFAULT NULL,
  `abo_ville` varchar(12) CHARACTER SET utf8 DEFAULT NULL,
  `abo_pseudo` varchar(15) CHARACTER SET utf8 DEFAULT NULL,
  `abo_pass` int(4) DEFAULT NULL
) ENGINE=MyISAM AUTO_INCREMENT=150 DEFAULT CHARSET=utf8 COLLATE=utf8_bin;

--
-- Contenu de la table `stpavu_abonnes`
--

INSERT INTO `stpavu_abonnes` (`abo_id`, `abo_nom`, `abo_prenom`, `abo_sexe`, `abo_tel`, `abo_ville`, `abo_pseudo`, `abo_pass`) VALUES
(1, 'Antoine', 'Patrick', 'H', '03.25.75.59.76', 'Troyes', 'p.antoine', 1632),
(2, 'Arganini', 'Gérald', 'H', '03.25.75.59.03', 'Saint Parres', 'g.arganini', 4081),
(3, 'Arnaud', 'Jean-Michel', 'H', '03.25.75.59.12', 'Verrières', 'j.arnaud', 9695),
(4, 'Aronica', 'Aude', 'F', '03.25.21.59.27', 'Lusigny', 'a.aronica', 5251),
(5, 'Aubert', 'Florian', 'H', '03.25.21.59.26', 'Pruny', 'f.aubert', 2832),
(6, 'Baron', 'Laurent', 'H', '03.25.21.59.25', 'Géraudot', 'l.baron', 4644),
(7, 'Barrière', 'Guillaume', 'H', '03.25.75.59.25', 'Troyes', 'g.barriere', 2583),
(8, 'Barthelemy', 'David', 'H', '03.25.75.59.02', 'Saint André', 'd.barthelemy', 486),
(9, 'Bauser', 'Fanny', 'F', '03.25.75.59.11', 'Troyes', 'f.bauser', 1187),
(10, 'Belloir', 'Guillaume', 'H', '03.25.21.59.14', 'Saint Parres', 'g.belloir', 7359),
(11, 'Beugnot', 'Karen', 'F', '03.25.21.59.02', 'Verrières', 'k.beugnot', 2320),
(12, 'Bienaime', 'Paul', 'H', '03.25.75.59.88', 'Lusigny', 'p.bienaime', 8839),
(13, 'Billard', 'Sonia', 'F', '03.25.75.59.01', 'Pruny', 's.billard', 4081),
(14, 'Binant', 'Lucie', 'F', '03.25.75.59.87', 'Géraudot', 'l.binant', 4557),
(15, 'Blondel', 'Fatima', 'F', '03.25.21.59.40', 'Troyes', 'f.blondel', 1890),
(16, 'Boulin', 'Germain', 'H', '03.25.21.59.01', 'Saint André', 'g.boulin', 2325),
(17, 'Bouvron', 'Denis', 'H', '03.25.75.59.75', 'Troyes', 'd.bouvron', 2666),
(18, 'Brouillard', 'Elise', 'F', '03.25.21.59.39', 'Saint Parres', 'e.brouillard', 46),
(19, 'Bui', 'Brice', 'H', '03.25.75.59.24', 'Verrières', 'b.bui', 9872),
(20, 'Camillini', 'Stéphanie', 'F', '03.25.21.59.24', 'Lusigny', 's.camillini', 3918),
(21, 'Capela', 'Steven', 'H', '03.25.75.59.23', 'Pruny', 's.capela', 2325),
(22, 'Carré', 'Jean-Nöel', 'H', '03.25.75.59.36', 'Géraudot', 'j.carre', 7767),
(23, 'Chan', 'Sylvain', 'H', '03.25.75.59.08', 'Troyes', 's.chan', 4871),
(24, 'Charignon', 'Philippe', 'H', '03.25.75.59.74', 'Saint André', 'p.charignon', 5763),
(25, 'Chérain', 'Abdelazziz', 'H', '03.25.75.59.73', 'Pruny', 'a.cherain', 5701),
(26, 'Chibout', 'Estela', 'F', '03.25.75.59.62', 'Géraudot', 'e.chibout', 5763),
(27, 'Claverie', 'Elodie', 'F', '03.25.75.59.00', 'Troyes', 'e.claverie', 9873),
(28, 'Clemont', 'Puthy', 'F', '03.25.75.59.86', 'Saint André', 'p.clemont', 393),
(29, 'Colas', 'Habib', 'H', '03.25.21.59.38', 'Troyes', 'h.colas', 2579),
(30, 'Collard', 'Marie Jeanne', 'F', '03.25.75.59.44', 'Saint Parres', 'm.collard', 9872),
(31, 'Colson', 'Jean-Philippe', 'H', '03.25.75.59.85', 'Troyes', 'j.colson', 7358),
(32, 'Coly', 'Aude', 'F', '03.25.75.59.22', 'Saint Parres', 'a.coly', 9794),
(33, 'Comandini', 'Marc', 'H', '03.25.75.59.72', 'Verrières', 'm.comandini', 9943),
(34, 'Courret', 'Nicolas', 'H', '03.25.75.59.71', 'Lusigny', 'n.courret', 1193),
(35, 'Coustillet', 'Nicolas', 'H', '03.25.21.59.23', 'Pruny', 'n.coustillet', 9793),
(36, 'Coutrot', 'Karim', 'H', '03.25.21.59.13', 'Géraudot', 'k.coutrot', 2153),
(37, 'Crossette', 'Nicolas', 'H', '03.25.75.59.21', 'Troyes', 'n.crossette', 3923),
(38, 'Dagorn', 'Karine', 'F', '03.25.75.59.01', 'Saint André', 'k.dagorn', 6400),
(39, 'Daguet', 'Elodie', 'F', '03.25.75.59.47', 'Pruny', 'e.daguet', 8574),
(40, 'Dangin', 'Nicolas', 'H', '03.25.75.59.10', 'Géraudot', 'n.dangin', 2407),
(41, 'Deloye', 'Sylvie', 'F', '03.25.75.59.98', 'Saint André', 's.deloye', 7819),
(42, 'Deng', 'Nicole', 'F', '03.25.75.59.61', 'Troyes', 'n.deng', 7056),
(43, 'Dham', 'Kenan', 'H', '03.25.75.59.84', 'Saint Parres', 'k.dham', 5622),
(44, 'Diehl', 'Audrey', 'F', '03.25.75.59.55', 'Troyes', 'a.diehl', 3500),
(45, 'Dinquel', 'Aurélien', 'H', '03.25.21.59.12', 'Saint Parres', 'a.dinquel', 840),
(46, 'Dubery', 'Catherine', 'F', '03.25.75.59.60', 'Verrières', 'c.dubery', 7543),
(47, 'Dufour', 'Marc', 'H', '03.25.75.59.83', 'Lusigny', 'm.dufour', 6470),
(48, 'Eschard', 'Jean-philippe', 'H', '03.25.75.59.43', 'Pruny', 'j.eschard', 5549),
(49, 'Essig', 'Cédric', 'H', '03.25.75.59.41', 'Troyes', 'c.essig', 2495),
(50, 'Essounbouli', 'François', 'H', '03.25.75.59.38', 'Saint André', 'f.essounbouli', 924),
(51, 'Favre', 'Celine', 'F', '03.25.75.59.34', 'Troyes', 'c.favre', 9859),
(52, 'Ferrier', 'Thanoulom', 'H', '03.25.75.59.97', 'Saint Parres', 't.ferrier', 9999),
(53, 'Feru', 'Jean-Vincent', 'H', '03.25.21.59.11', 'Troyes', 'j.feru', 9990),
(54, 'Fisch', 'Kim Pascal', 'H', '03.25.75.59.10', 'Saint Parres', 'k.fisch', 8195),
(55, 'Flipon', 'Raphaël', 'H', '03.25.75.59.02', 'Verrières', 'r.flipon', 7240),
(56, 'Fontaine', 'Elske', 'F', '03.25.21.59.10', 'Lusigny', 'e.fontaine', 9776),
(57, 'Fort', 'Fabrice', 'H', '03.25.21.59.09', 'Pruny', 'f.fort', 7240),
(58, 'Fouchard', 'Alexandre', 'H', '03.25.75.59.70', 'Géraudot', 'a.fouchard', 3091),
(59, 'Fromont', 'Olivier', 'H', '03.25.21.59.37', 'Troyes', 'o.fromont', 486),
(60, 'Gamblin', 'Autre', 'H', '03.25.75.59.33', 'Saint André', 'a.gamblin', 9672),
(61, 'Garnerot', 'Hélène', 'F', '03.25.75.59.20', 'Pruny', 'h.garnerot', 8959),
(62, 'Gauthier', 'Rémi', 'H', '03.25.75.59.19', 'Géraudot', 'r.gauthier', 6540),
(63, 'Ghedjati', 'Guillaume', 'H', '03.25.21.59.22', 'Saint André', 'g.ghedjati', 1537),
(64, 'Gilabert', 'Hervé', 'H', '03.25.75.59.03', 'Troyes', 'h.gilabert', 5989),
(65, 'Glikman', 'Alexandre', 'H', '03.25.75.59.82', 'Saint Parres', 'a.glikman', 3089),
(66, 'Gobert', 'Mario', 'H', '03.25.21.59.36', 'Troyes', 'm.gobert', 7543),
(67, 'Godefert', 'Baptiste', 'H', '03.25.75.59.32', 'Saint Parres', 'b.godefert', 4644),
(68, 'Gommery', 'Grégory', 'H', '03.25.75.59.04', 'Verrières', 'g.gommery', 7819),
(69, 'Grandveau', 'Thierry', 'H', '03.25.75.59.96', 'Lusigny', 't.grandveau', 1537),
(70, 'Grasset', 'Alexis', 'H', '03.25.21.59.21', 'Pruny', 'a.grasset', 7239),
(71, 'Grenet', 'Grégory', 'H', '03.25.21.59.35', 'Troyes', 'g.grenet', 9999),
(72, 'Grosdoit', 'Guillaume', 'H', '03.25.75.59.63', 'Saint André', 'g.grosdoit', 6537),
(73, 'Guglielmetti', 'Céline', 'F', '03.25.21.59.41', 'Troyes', 'c.guglielmetti', 3512),
(74, 'Guillemin', 'Jérôme', 'H', '03.25.75.59.18', 'Saint Parres', 'j.guillemin', 6930),
(75, 'Guinot', 'Marion', 'F', '03.25.75.59.95', 'Troyes', 'm.guinot', 2495),
(76, 'Hadj henni', 'Céline', 'F', '03.25.75.59.69', 'Saint Parres', 'c.hadj henni', 9911),
(77, 'Haller', 'Wissam', 'H', '03.25.75.59.17', 'Verrières', 'w.haller', 5989),
(78, 'Hamzaoui', 'Jean-Marie', 'H', '03.25.75.59.53', 'Lusigny', 'j.hamzaoui', 6869),
(79, 'Hannane', 'Thomas', 'H', '03.25.75.59.51', 'Pruny', 't.hannane', 6537),
(80, 'Hay', 'Rémi', 'H', '03.25.75.59.05', 'Géraudot', 'r.hay', 1187),
(81, 'Hebert', 'Mathieu', 'H', '03.25.21.59.34', 'Troyes', 'm.hebert', 9859),
(82, 'Herbelot', 'Aline', 'F', '03.25.75.59.50', 'Saint André', 'a.herbelot', 9673),
(83, 'Houillon', 'Emeric', 'H', '03.25.75.59.09', 'Pruny', 'e.houillon', 3668),
(84, 'Hun', 'Viengthong', 'H', '03.25.75.59.94', 'Géraudot', 'v.hun', 7359),
(85, 'Jacquelin', 'Kinh-Kha', 'F', '03.25.75.59.06', 'Saint André', 'k.jacquelin', 9933),
(86, 'Janin', 'Anne', 'F', '03.25.75.59.59', 'Troyes', 'a.janin', 6536),
(87, 'Jurado', 'Renaud', 'H', '03.25.75.59.52', 'Saint Parres', 'r.jurado', 1890),
(88, 'Kar', 'Christophe', 'H', '03.25.21.59.20', 'Troyes', 'c.kar', 3513),
(89, 'Lafille', 'Cindy', 'F', '03.25.75.59.58', 'Saint Parres', 'c.lafille', 5843),
(90, 'Laigre', 'Emilie', 'F', '03.25.75.59.08', 'Verrières', 'e.laigre', 1632),
(91, 'Lamy', 'Vincent', 'H', '03.25.21.59.08', 'Lusigny', 'v.lamy', 7175),
(92, 'Lavechin', 'Johanna', 'F', '03.25.75.59.07', 'Pruny', 'j.lavechin', 3838),
(93, 'Le', 'Olivier', 'H', '03.25.75.59.37', 'Troyes', 'o.le', 2666),
(94, 'Lemaitre', 'Olivier', 'H', '03.25.75.59.31', 'Saint André', 'o.lemaitre', 46),
(95, 'Leroy', 'Anne Sophie', 'F', '03.25.21.59.19', 'Troyes', 'a.leroy', 8877),
(96, 'Levy lecuivre', 'Benjamin', 'H', '03.25.75.59.81', 'Saint Parres', 'b.levy lecuivre', 4557),
(97, 'Lombrici', 'Olivier', 'H', '03.25.75.59.68', 'Troyes', 'o.lombrici', 9873),
(98, 'Louis', 'Maxime', 'H', '03.25.21.59.33', 'Saint Parres', 'm.louis', 3512),
(99, 'Luangkhot', 'Erwan', 'H', '03.25.75.59.16', 'Verrières', 'e.luangkhot', 8839),
(100, 'Machkouri', 'Fabrice', 'H', '03.25.75.59.45', 'Lusigny', 'f.machkouri', 6540),
(101, 'Magloire', 'Félix', 'H', '03.25.75.59.15', 'Pruny', 'f.magloire', 8439),
(102, 'Mamone', 'Florian', 'H', '03.25.75.59.67', 'Géraudot', 'f.mamone', 9551),
(103, 'Manjard', 'Lamine', 'H', '03.25.75.59.92', 'Troyes', 'l.manjard', 3667),
(104, 'Marchal', 'Ingrid', 'F', '03.25.75.59.14', 'Saint André', 'i.marchal', 314),
(105, 'Marlier', 'Patrice', 'H', '03.25.75.59.07', 'Pruny', 'p.marlier', 8574),
(106, 'Marot', 'Guillaume', 'H', '03.25.75.59.06', 'Géraudot', 'g.marot', 7175),
(107, 'Martinet', 'Laure', 'F', '03.25.75.59.80', 'Saint André', 'l.martinet', 5251),
(108, 'Massé', 'Jean-François', 'H', '03.25.21.59.07', 'Troyes', 'j.masse', 9649),
(109, 'Mélé', 'Michel', 'H', '03.25.21.59.32', 'Saint Parres', 'm.mele', 9911),
(110, 'Meuzeret', 'Alexandre', 'H', '03.25.21.59.06', 'Troyes', 'a.meuzeret', 8414),
(111, 'Millet', 'Géraldine', 'F', '03.25.75.59.30', 'Saint André', 'g.millet', 3918),
(112, 'Millot', 'Anne-Lise', 'F', '03.25.75.59.79', 'Troyes', 'a.millot', 7306),
(113, 'Moinelet', 'Corinne', 'F', '03.25.21.59.05', 'Saint Parres', 'c.moinelet', 1193),
(114, 'Morais', 'Patrice', 'H', '03.25.75.59.78', 'Troyes', 'p.morais', 9776),
(115, 'Mordin', 'Sandro', 'H', '03.25.21.59.04', 'Saint Parres', 's.mordin', 8439),
(116, 'Mouchel', 'José', 'H', '03.25.21.59.03', 'Verrières', 'j.mouchel', 9993),
(117, 'Namory', 'Julie', 'F', '03.25.75.59.91', 'Lusigny', 'j.namory', 5553),
(118, 'Nguyen', 'Damien', 'H', '03.25.75.59.05', 'Pruny', 'd.nguyen', 9793),
(119, 'Nguyen', 'Laure', 'F', '03.25.75.59.05', 'Géraudot', 'l.nguyen', 9794),
(120, 'Nivet', 'Francois', 'H', '03.25.75.59.93', 'Troyes', 'f.nivet', 5098),
(121, 'Pasquier', 'Vincent', 'H', '03.25.75.59.57', 'Saint André', 'v.pasquier', 2583),
(122, 'Picard', 'Laure', 'F', '03.25.21.59.18', 'Pruny', 'l.picard', 3500),
(123, 'Pitois', 'Anthony', 'H', '03.25.75.59.29', 'Géraudot', 'a.pitois', 4075),
(124, 'Pitois', 'Jean-Marc', 'H', '03.25.75.59.29', 'Saint André', 'j.pitois', 9603),
(125, 'Pothion', 'Julien', 'H', '03.25.75.59.09', 'Troyes', 'j.pothion', 8240),
(126, 'Quan', 'Julien', 'H', '03.25.21.59.17', 'Saint Parres', 'j.quan', 2834),
(127, 'Recchia', 'Adèle', 'F', '03.25.21.59.31', 'Troyes', 'a.recchia', 5916),
(128, 'Recchia', 'Fabien', 'H', '03.25.21.59.31', 'Saint Parres', 'f.recchia', 393),
(129, 'Reska', 'Damien', 'H', '03.25.21.59.30', 'Verrières', 'd.reska', 3923),
(130, 'Roger', 'Sébastien', 'H', '03.25.21.59.29', 'Lusigny', 's.roger', 2832),
(131, 'Romanens', 'Damien', 'H', '03.25.75.59.13', 'Pruny', 'd.romanens', 2407),
(132, 'Sabbouri', 'Vincent', 'H', '03.25.75.59.28', 'Troyes', 'v.sabbouri', 2579),
(133, 'Sabini', 'Julien', 'H', '03.25.75.59.27', 'Saint André', 'j.sabini', 9496),
(134, 'Sanchez', 'Najib', 'H', '03.25.75.59.48', 'Troyes', 'n.sanchez', 3513),
(135, 'Sandré', 'Vivien', 'H', '03.25.75.59.40', 'Saint Parres', 'v.sandre', 8959),
(136, 'Schwartz', 'Laure', 'F', '03.25.75.59.90', 'Troyes', 'l.schwartz', 840),
(137, 'Se', 'Anthony', 'H', '03.25.21.59.28', 'Saint Parres', 'a.se', 9601),
(138, 'Serres', 'Laurent', 'H', '03.25.21.59.16', 'Verrières', 'l.serres', 9672),
(139, 'Simonnot', 'Nicolas', 'H', '03.25.75.59.77', 'Lusigny', 'n.simonnot', 5843),
(140, 'Suarez', 'Patrice', 'H', '03.25.75.59.54', 'Pruny', 'p.suarez', 3668),
(141, 'Thomas', 'Benoit', 'H', '03.25.75.59.39', 'Géraudot', 'b.thomas', 9943),
(142, 'Tocut', 'Arnaud', 'H', '03.25.75.59.26', 'Troyes', 'a.tocut', 9933),
(143, 'Tord', 'Daniele', 'F', '03.25.75.59.56', 'Saint André', 'd.tord', 7056),
(144, 'Tran', 'Sébastien', 'H', '03.25.75.59.89', 'Pruny', 's.tran', 9551),
(145, 'Trhin', 'Sébastien', 'H', '03.25.75.59.42', 'Géraudot', 's.trhin', 5098),
(146, 'Vachon', 'Shui', 'F', '03.25.75.59.04', 'Saint André', 's.vachon', 924),
(147, 'Verfaillie', 'Brahim', 'H', '03.25.75.59.64', 'Troyes', 'b.verfaillie', 6470),
(148, 'Vivet', 'Arnaud', 'H', '03.25.75.59.46', 'Saint Parres', 'a.vivet', 3667),
(149, 'Wilk', 'Julien', 'H', '03.25.21.59.15', 'Troyes', 'j.wilk', 4155);

-- --------------------------------------------------------

--
-- Structure de la table `stpavu_manifs`
--

CREATE TABLE IF NOT EXISTS `stpavu_manifs` (
  `manif_id` int(2) NOT NULL,
  `manif_intitul` varchar(34) CHARACTER SET utf8 DEFAULT NULL,
  `manif_description` varchar(178) CHARACTER SET utf8 DEFAULT NULL,
  `manif_prix_place` int(2) DEFAULT NULL,
  `manif_photo` varchar(15) CHARACTER SET utf8 DEFAULT NULL,
  `manif_type` varchar(10) CHARACTER SET utf8 DEFAULT NULL,
  `manif_date` varchar(10) CHARACTER SET utf8 DEFAULT NULL,
  `manif_salle_code` varchar(6) CHARACTER SET utf8 DEFAULT NULL
) ENGINE=MyISAM AUTO_INCREMENT=21 DEFAULT CHARSET=utf8 COLLATE=utf8_bin;

--
-- Contenu de la table `stpavu_manifs`
--

INSERT INTO `stpavu_manifs` (`manif_id`, `manif_intitul`, `manif_description`, `manif_prix_place`, `manif_photo`, `manif_type`, `manif_date`, `manif_salle_code`) VALUES
(1, 'Etat critique', 'De Michel Lengliney. Mise en scène Eric Civanyan. Avec Gèrard Jugnot, Annik Alane, Hélène Seuzaret, Lorella Cravotta, Emilie Alibert, Julie de Bonna.', 30, 'etat03.jpg', 'théatre', '2012-02-10', 'SUD2'),
(2, 'After Sun', 'De Rodrigo Garcia. Mise en scène de l''auteur. Avec Patricia Lamas et Juan Loriente.', 15, 'after02.jpg', 'théatre', '2012-03-21', 'SUD3'),
(3, 'Bois-caïman', 'D''Antonio Diaz-Florian. Mise en scène de l''auteur. Avec Alexandre Palma Salas, Milena Vlach, Jean Bernard Ekam Dick.', 25, 'bois01.jpg', 'théatre', '2012-03-23', 'NORD1'),
(4, 'Chère Elena Sergueievna', 'De Ludmilla Razoumovskaïa. Traduction Joëlle et Marc Blondel. Mise en scène Didier Bezace. Avec Sylvie Debrun, Daniel Delabesse, Thierry Gibault, Donatien Guillot, Lisa Schuster.', 12, 'elena.jpg', 'théatre', '2012-04-23', 'OUEST1'),
(5, 'L''Association', 'De David Lescot. Musique Charles Valade. Mise en scène de l''auteur. Avec Sylvie Ballul, Bernard Gabay,  Charles Valade (piano).', 18, 'asso01.jpg', 'théatre', '2012-05-03', 'OUEST2'),
(6, 'Matisse-Picasso', 'Un '' Je t''aime moi non plus '' entre les deux plus grands mythes de la peinture du siècle dernier.', 16, 'matisse02.jpg', 'conférence', '2012-05-15', 'OUEST3'),
(7, 'Paris chante Montand', 'Tout au long de sa carrière, ce grand artiste n''a cessé d''offrir de belles preuves d''amour à sa ville préférée.', 10, 'paris04.jpg', 'concert', '2012-06-05', 'SUD2'),
(8, 'Australie terre loingtaine', 'Conférence ''diapo'' de Mr Claude Palbotte.', 15, 'australie02.jpg', 'conférence', '2012-06-22', 'SUD3'),
(9, 'Art brut tchèque', 'L''occasion de présenter une partie encore obscure de l''art tchèque : l''art médiumnique.', 22, 'art04.jpg', 'conférence', '2012-06-23', 'OUEST2'),
(10, 'Les Choéphores', 'D''Eschyle. Mise en scène Patricia Koseleff. Avec Mélanie Prochasson, Vincent Londez, Marc Stussy, Marlène Forsberg, Laetitia Hipp, Claire Ruppli, Agnès Sighicelli.', 8, 'choe01.jpg', 'théatre', '2012-07-18', 'OUEST3'),
(11, 'Cologne en résidence', 'Le musée de Cluny accueille pendant douze mois, douze chefs-d''oeuvre.', 11, 'cologne01.jpg', 'conférence', '2012-07-20', 'SUD4'),
(12, 'MOBY', 'Moby sur scène !', 5, 'moby01.jpg', 'concert', '2012-08-14', 'SUD5'),
(13, 'Mon île déserte', 'Auteur et interpréte Bertrand Bossard.', 19, 'ile03.jpg', 'théatre', '2012-08-20', 'NORD2'),
(14, 'RED HOT CHILI PEPPERS', 'Concert Rock.', 20, 'red01.jpg', 'concert', '2012-09-03', 'OUEST4'),
(15, 'Paroles blanches de Miche et Drate', 'De Gérard Chevrolet. Mise en scène Victoria Erulin. Avec Marie Daguerre et Nathalie Gueraud.', 15, 'paroles.jpg', 'théatre', '2012-09-18', 'NORD2'),
(16, 'INDOCHINE', 'Concert groupe de rock.', 10, 'indo02.jpg', 'concert', '2012-10-01', 'OUEST4'),
(17, 'Coloriage', 'La fondation Cartier poursuit son exploration de la nouvelle scène artistique japonaise.', 8, 'coloriage01.jpg', 'conférence', '2012-10-12', 'EST3'),
(18, 'La Femme gelée', 'D''Annie Ernaux. Mise en scène Jeanne Champagne. Avec Martine Schambacher et Chloé Dabert.', 9, 'femme01.jpg', 'théatre', '2012-10-23', 'OUEST5'),
(19, 'Yayoi Kusama', 'La '' mamie de l''art contemporain '' revient les bras chargés de citrouilles.', 12, 'yayoi01.jpg', 'conférence', '2012-11-04', 'EST2'),
(20, 'LES NOCES DE FIGARO', 'Opéra-bouffe en quatre actes (1786). Livret de l''abbé Lorenzo da Ponte d''après ''Le Mariage de Figaro'' de Pierre-Augustin Caron de Beaumarchais.', 15, 'noces01.jpg', 'opéra', '2012-11-01', 'SUD1');

-- --------------------------------------------------------

--
-- Structure de la table `stpavu_resa`
--

CREATE TABLE IF NOT EXISTS `stpavu_resa` (
  `resa_id` int(3) NOT NULL,
  `abo_qte_place_reservee` int(2) DEFAULT NULL,
  `abo_iden` int(3) DEFAULT NULL,
  `manif_ide` int(2) DEFAULT NULL
) ENGINE=MyISAM AUTO_INCREMENT=362 DEFAULT CHARSET=utf8 COLLATE=utf8_bin;

--
-- Contenu de la table `stpavu_resa`
--

INSERT INTO `stpavu_resa` (`resa_id`, `abo_qte_place_reservee`, `abo_iden`, `manif_ide`) VALUES
(1, 12, 1, 11),
(2, 13, 2, 8),
(3, 2, 2, 19),
(4, 11, 2, 13),
(5, 14, 2, 6),
(6, 4, 4, 19),
(7, 10, 4, 15),
(8, 14, 5, 3),
(9, 6, 5, 18),
(10, 8, 7, 16),
(11, 14, 7, 1),
(12, 8, 7, 17),
(13, 6, 7, 18),
(14, 14, 10, 3),
(15, 10, 10, 15),
(16, 5, 10, 19),
(17, 14, 10, 6),
(18, 11, 12, 13),
(19, 3, 12, 19),
(20, 13, 13, 8),
(21, 12, 13, 11),
(22, 1, 15, 19),
(23, 12, 15, 11),
(24, 13, 15, 9),
(25, 2, 15, 19),
(26, 11, 18, 13),
(27, 14, 18, 6),
(28, 4, 18, 19),
(29, 10, 18, 15),
(30, 14, 20, 3),
(31, 6, 20, 18),
(32, 8, 21, 16),
(33, 14, 21, 1),
(34, 8, 22, 17),
(35, 6, 22, 18),
(36, 14, 22, 3),
(37, 10, 23, 15),
(38, 5, 24, 19),
(39, 14, 24, 6),
(40, 11, 25, 13),
(41, 3, 25, 19),
(42, 13, 27, 8),
(43, 12, 27, 11),
(44, 1, 27, 19),
(45, 12, 27, 10),
(46, 13, 30, 9),
(47, 2, 30, 19),
(48, 11, 30, 13),
(49, 14, 30, 6),
(50, 4, 32, 19),
(51, 10, 32, 15),
(52, 14, 32, 4),
(53, 6, 32, 18),
(54, 8, 35, 16),
(55, 14, 35, 1),
(56, 8, 35, 17),
(57, 7, 35, 18),
(58, 14, 37, 3),
(59, 9, 37, 15),
(60, 5, 38, 19),
(61, 14, 38, 5),
(62, 11, 40, 13),
(63, 3, 40, 19),
(64, 13, 40, 8),
(65, 12, 40, 11),
(66, 1, 41, 19),
(67, 12, 42, 10),
(68, 13, 42, 9),
(69, 2, 43, 19),
(70, 11, 44, 13),
(71, 14, 44, 6),
(72, 4, 44, 19),
(73, 10, 44, 14),
(74, 14, 46, 4),
(75, 6, 46, 18),
(76, 8, 46, 16),
(77, 14, 46, 1),
(78, 8, 49, 17),
(79, 7, 49, 18),
(80, 14, 49, 3),
(81, 9, 49, 15),
(82, 5, 51, 19),
(83, 14, 51, 5),
(84, 11, 51, 13),
(85, 3, 51, 19),
(86, 13, 54, 8),
(87, 12, 54, 11),
(88, 1, 54, 19),
(89, 13, 54, 10),
(90, 13, 56, 9),
(91, 2, 56, 19),
(92, 11, 56, 12),
(93, 14, 56, 7),
(94, 4, 59, 19),
(95, 10, 59, 14),
(96, 14, 59, 4),
(97, 6, 59, 18),
(98, 9, 61, 16),
(99, 14, 61, 1),
(100, 8, 61, 17),
(101, 7, 61, 17),
(102, 14, 62, 2),
(103, 9, 63, 15),
(104, 5, 63, 18),
(105, 14, 64, 5),
(106, 11, 65, 14),
(107, 3, 65, 19),
(108, 13, 65, 8),
(109, 12, 65, 11),
(110, 1, 67, 19),
(111, 13, 67, 10),
(112, 13, 67, 9),
(113, 2, 67, 19),
(114, 11, 69, 12),
(115, 14, 69, 7),
(116, 4, 70, 19),
(117, 10, 70, 14),
(118, 14, 72, 4),
(119, 6, 72, 18),
(120, 9, 72, 16),
(121, 14, 72, 1),
(122, 7, 74, 17),
(123, 7, 74, 17),
(124, 14, 74, 2),
(125, 9, 74, 15),
(126, 5, 76, 18),
(127, 14, 76, 5),
(128, 11, 77, 14),
(129, 3, 77, 19),
(130, 14, 79, 7),
(131, 12, 79, 12),
(132, 1, 79, 19),
(133, 13, 79, 10),
(134, 13, 80, 9),
(135, 2, 81, 19),
(136, 12, 81, 12),
(137, 14, 81, 7),
(138, 4, 82, 19),
(139, 10, 82, 14),
(140, 14, 82, 4),
(141, 6, 82, 18),
(142, 9, 84, 16),
(143, 14, 84, 2),
(144, 7, 84, 17),
(145, 7, 84, 17),
(146, 14, 87, 2),
(147, 9, 87, 16),
(148, 5, 87, 18),
(149, 14, 87, 5),
(150, 11, 89, 14),
(151, 3, 89, 19),
(152, 14, 89, 7),
(153, 12, 89, 12),
(154, 1, 91, 19),
(155, 13, 91, 10),
(156, 13, 91, 9),
(157, 2, 91, 19),
(158, 12, 93, 12),
(159, 14, 93, 7),
(160, 4, 93, 19),
(161, 10, 93, 14),
(162, 14, 95, 4),
(163, 5, 95, 18),
(164, 9, 95, 16),
(165, 14, 95, 2),
(166, 7, 97, 17),
(167, 7, 97, 17),
(168, 14, 97, 2),
(169, 9, 97, 16),
(170, 5, 98, 18),
(171, 14, 98, 5),
(172, 10, 98, 14),
(173, 3, 99, 19),
(174, 14, 100, 7),
(175, 12, 100, 12),
(176, 1, 100, 19),
(177, 13, 100, 10),
(178, 13, 102, 10),
(179, 1, 102, 19),
(180, 12, 102, 12),
(181, 14, 102, 7),
(182, 3, 104, 19),
(183, 10, 104, 14),
(184, 14, 104, 5),
(185, 5, 104, 18),
(186, 9, 106, 16),
(187, 14, 106, 2),
(188, 7, 106, 17),
(189, 7, 106, 17),
(190, 14, 108, 2),
(191, 9, 108, 16),
(192, 5, 108, 18),
(193, 14, 108, 4),
(194, 10, 109, 14),
(195, 4, 109, 19),
(196, 14, 110, 7),
(197, 12, 110, 12),
(198, 2, 111, 19),
(199, 13, 111, 9),
(200, 13, 111, 10),
(201, 1, 111, 19),
(202, 12, 112, 12),
(203, 14, 113, 7),
(204, 3, 113, 19),
(205, 11, 113, 14),
(206, 14, 114, 5),
(207, 5, 114, 18),
(208, 9, 114, 16),
(209, 14, 114, 2),
(210, 7, 116, 17),
(211, 7, 116, 17),
(212, 14, 116, 2),
(213, 9, 116, 16),
(214, 6, 117, 18),
(215, 14, 117, 4),
(216, 10, 117, 14),
(217, 4, 117, 19),
(218, 14, 119, 7),
(219, 12, 119, 12),
(220, 2, 119, 19),
(221, 13, 119, 9),
(222, 13, 120, 10),
(223, 1, 120, 19),
(224, 12, 121, 12),
(225, 14, 121, 7),
(226, 3, 122, 19),
(227, 11, 122, 14),
(228, 14, 122, 5),
(229, 5, 122, 18),
(230, 9, 124, 15),
(231, 14, 124, 2),
(232, 7, 124, 17),
(233, 7, 124, 17),
(234, 14, 125, 1),
(235, 9, 125, 16),
(236, 6, 125, 18),
(237, 14, 125, 4),
(238, 10, 126, 14),
(239, 4, 126, 19),
(240, 14, 127, 7),
(241, 11, 127, 12),
(242, 2, 127, 19),
(243, 13, 127, 9),
(244, 13, 127, 10),
(245, 1, 129, 19),
(246, 12, 129, 11),
(247, 13, 129, 8),
(248, 3, 129, 19),
(249, 11, 130, 14),
(250, 14, 130, 5),
(251, 5, 130, 18),
(252, 9, 130, 15),
(253, 14, 131, 2),
(254, 7, 131, 17),
(255, 8, 131, 17),
(256, 14, 131, 1),
(257, 9, 132, 16),
(258, 6, 132, 18),
(259, 14, 133, 4),
(260, 10, 133, 14),
(261, 4, 134, 19),
(262, 14, 134, 7),
(263, 11, 134, 12),
(264, 2, 134, 19),
(265, 13, 135, 9),
(266, 13, 135, 10),
(267, 1, 135, 19),
(268, 12, 135, 11),
(269, 13, 136, 8),
(270, 3, 136, 19),
(271, 11, 136, 13),
(272, 14, 136, 5),
(273, 5, 136, 19),
(274, 9, 136, 15),
(275, 14, 137, 3),
(276, 7, 137, 18),
(277, 8, 138, 17),
(278, 14, 138, 1),
(279, 8, 138, 16),
(280, 6, 138, 18),
(281, 14, 139, 4),
(282, 10, 139, 14),
(283, 4, 139, 19),
(284, 14, 139, 6),
(285, 11, 139, 13),
(286, 2, 139, 19),
(287, 13, 140, 9),
(288, 12, 140, 10),
(289, 1, 140, 19),
(290, 12, 140, 11),
(291, 13, 141, 8),
(292, 3, 141, 19),
(293, 11, 141, 13),
(294, 14, 141, 5),
(295, 5, 142, 19),
(296, 9, 142, 15),
(297, 14, 142, 3),
(298, 7, 142, 18),
(299, 8, 143, 17),
(300, 14, 143, 1),
(301, 8, 143, 16),
(302, 6, 143, 18),
(303, 14, 143, 4),
(304, 10, 144, 15),
(305, 4, 144, 19),
(306, 14, 144, 6),
(307, 11, 144, 13),
(308, 2, 144, 19),
(309, 13, 144, 9),
(310, 12, 144, 10),
(311, 1, 145, 19),
(312, 12, 145, 11),
(313, 13, 145, 8),
(314, 3, 145, 19),
(315, 11, 145, 13),
(316, 14, 145, 6),
(317, 5, 145, 19),
(318, 10, 145, 15),
(319, 14, 146, 3),
(320, 6, 146, 18),
(321, 8, 146, 17),
(322, 14, 146, 1),
(323, 8, 147, 16),
(324, 6, 147, 18),
(325, 14, 147, 3),
(326, 10, 147, 15),
(327, 4, 147, 19),
(328, 14, 147, 6),
(329, 11, 147, 13),
(330, 2, 147, 19),
(331, 13, 147, 9),
(332, 12, 147, 11),
(333, 1, 148, 19),
(334, 12, 148, 11),
(335, 13, 148, 8),
(336, 3, 148, 19),
(337, 11, 148, 13),
(338, 14, 148, 6),
(339, 5, 148, 19),
(340, 10, 148, 15),
(341, 14, 148, 3),
(342, 6, 148, 18),
(343, 8, 149, 17),
(344, 14, 149, 1),
(345, 8, 149, 16),
(346, 6, 149, 18),
(347, 14, 149, 3),
(348, 10, 149, 15),
(349, 4, 149, 19),
(350, 14, 149, 6),
(351, 11, 149, 13),
(352, 2, 149, 19),
(353, 13, 149, 8),
(354, 12, 149, 11),
(355, 1, 149, 19),
(356, 12, 149, 11),
(357, 13, 149, 8),
(358, 2, 149, 19),
(359, 11, 149, 13),
(360, 14, 149, 6),
(361, 4, 149, 19);

-- --------------------------------------------------------

--
-- Structure de la table `stpavu_salles`
--

CREATE TABLE IF NOT EXISTS `stpavu_salles` (
  `salle_code` varchar(6) CHARACTER SET utf8 DEFAULT NULL,
  `salle_nom` varchar(28) CHARACTER SET utf8 DEFAULT NULL,
  `salle_surface` int(5) DEFAULT NULL,
  `salle_prix_loc` int(4) DEFAULT NULL,
  `salle_place_max` int(4) DEFAULT NULL
) ENGINE=MyISAM DEFAULT CHARSET=utf8 COLLATE=utf8_bin;

--
-- Contenu de la table `stpavu_salles`
--

INSERT INTO `stpavu_salles` (`salle_code`, `salle_nom`, `salle_surface`, `salle_prix_loc`, `salle_place_max`) VALUES
('EST1', 'Le Vauban', 2000, 200, 300),
('EST2', 'Le prés spacieux', 1500, 180, 200),
('SUD1', 'Le dortoir noir', 3000, 400, 400),
('SUD2', 'Salle Renoir', 500, 100, 120),
('SUD3', 'Espace Matisse', 700, 100, 180),
('NORD1', 'Espace Raudin', 300, 80, 100),
('OUEST1', 'Hall Baltazar', 10000, 2000, 1500),
('OUEST2', 'Le Picolo', 4500, 900, 500),
('OUEST3', 'Expoland', 3500, 800, 400),
('SUD4', 'Showroom palace', 500, 100, 120),
('SUD5', 'Espace du père tranquille', 700, 100, 180),
('NORD2', 'Ballard palace', 300, 80, 100),
('OUEST4', 'MJC du quartier du bois joli', 10000, 2000, 1500),
('EST3', 'MJC du pont du coin', 4500, 900, 500),
('OUEST5', 'Salle des fêtes château neuf', 3500, 800, 400);

--
-- Index pour les tables exportées
--

--
-- Index pour la table `stpavu_abonnes`
--
ALTER TABLE `stpavu_abonnes`
  ADD PRIMARY KEY (`abo_id`);

--
-- Index pour la table `stpavu_manifs`
--
ALTER TABLE `stpavu_manifs`
  ADD PRIMARY KEY (`manif_id`);

--
-- Index pour la table `stpavu_resa`
--
ALTER TABLE `stpavu_resa`
  ADD PRIMARY KEY (`resa_id`);

--
-- AUTO_INCREMENT pour les tables exportées
--

--
-- AUTO_INCREMENT pour la table `stpavu_abonnes`
--
ALTER TABLE `stpavu_abonnes`
  MODIFY `abo_id` int(3) NOT NULL AUTO_INCREMENT,AUTO_INCREMENT=150;
--
-- AUTO_INCREMENT pour la table `stpavu_manifs`
--
ALTER TABLE `stpavu_manifs`
  MODIFY `manif_id` int(2) NOT NULL AUTO_INCREMENT,AUTO_INCREMENT=21;
--
-- AUTO_INCREMENT pour la table `stpavu_resa`
--
ALTER TABLE `stpavu_resa`
  MODIFY `resa_id` int(3) NOT NULL AUTO_INCREMENT,AUTO_INCREMENT=362;
/*!40101 SET CHARACTER_SET_CLIENT=@OLD_CHARACTER_SET_CLIENT */;
/*!40101 SET CHARACTER_SET_RESULTS=@OLD_CHARACTER_SET_RESULTS */;
/*!40101 SET COLLATION_CONNECTION=@OLD_COLLATION_CONNECTION */;
